{
  "xgb_params": {
    "n_estimators": 163,
    "learning_rate": 0.04973636622705885,
    "max_depth": 1,
    "subsample": 0.8375048803795514,
    "colsample_bytree": 0.7015054004956365,
    "objective": "binary:logistic",
    "random_state": 42,
    "eval_metric": "aucpr",
    "early_stopping_rounds": 50,
    "reg_alpha": 2.3284692301192114,
    "reg_lambda": 1.5844356588750934,
    "gamma": 1.172591274947735,
    "min_child_weight": 8.101111144987454
  }
}