{
  "xgb_params": {
    "n_estimators": 24,
    "learning_rate": 0.13157867637465331,
    "max_depth": 5,
    "subsample": 0.7573162102373654,
    "colsample_bytree": 0.7803930593347828,
    "objective": "binary:logistic",
    "random_state": 42,
    "eval_metric": "aucpr",
    "early_stopping_rounds": 50,
    "reg_alpha": 1.2844522184879739,
    "reg_lambda": 0.5059350437114742,
    "gamma": 0.5227875509750478,
    "min_child_weight": 3.9397180370238294
  }
}