{
  "xgb_params": {
    "n_estimators": 15,
    "learning_rate": 0.2440728978234571,
    "max_depth": 1,
    "subsample": 0.8931686935983583,
    "colsample_bytree": 0.8287171903510284,
    "objective": "binary:logistic",
    "random_state": 42,
    "eval_metric": "aucpr",
    "early_stopping_rounds": 50,
    "reg_alpha": 1.7902535728687048,
    "reg_lambda": 0.7722915792469557,
    "gamma": 2.4811709499138606,
    "min_child_weight": 8.975004692608827
  }
}